,id,title
0,512195,Red Notice
1,585245,Clifford the Big Red Dog
2,654974,Home Sweet Home Alone
3,550988,Free Guy
4,876716,Ciao Alberto
5,639721,The Addams Family 2
6,459151,The Boss Baby: Family Business
7,871964,Nobody Sleeps in the Woods Tonight 2
8,425909,Ghostbusters: Afterlife
9,589754,The Last Warrior: Root of Evil
10,508943,Luca
11,805411,Descendants: The Royal Wedding
12,451048,Jungle Cruise
13,568124,Encanto
14,762469,Father Christmas Is Back
15,877183,The Simpsons in Plusaversary
16,675445,PAW Patrol: The Movie
17,379686,Space Jam: A New Legacy
18,846167,In for a Murder
19,337404,Cruella
20,760747,The Trip
21,772436,Matando Cabos 2: La Máscara del Máscara
22,529203,The Croods: A New Age
23,879163,Peçanha Contra o Animal
24,726684,Miraculous World: Shanghai – The Legend of Ladydragon
25,809065,Flashback
26,812204,Rock Dog 2: Rock Around the Park
27,613098,Undercover Wedding Crashers
28,324857,Spider-Man: Into the Spider-Verse
29,755812,"Miraculous World: New York, United HeroeZ"
30,711475,Here Today
31,354912,Coco
32,843906,Straight Outta Nowhere: Scooby-Doo! Meets Courage the Cowardly Dog
33,813258,Monster Pets: A Hotel Transylvania Short
34,641501,How I Became a Superhero
35,840756,Lokillo
36,573164,Eggs Run
37,852663,LEGO Monkie Kid: A Hero Is Born
38,846214,"The Simpsons: The Good, the Bart, and the Loki"
39,587807,Tom & Jerry
40,597316,My Little Pony: A New Generation
41,885458,Detetive Madeinusa
42,585083,Hotel Transylvania: Transformania
43,508442,Soul
44,347201,Boruto: Naruto the Movie
45,729720,The Last Mercenary
46,617502,Jolt
47,482321,Ron's Gone Wrong
48,400160,The SpongeBob Movie: Sponge on the Run
49,449406,Vivo
50,522478,Peter Rabbit 2: The Runaway
51,834404,Teen Titans Go! See Space Jam
52,550205,Wish Dragon
53,531219,Roald Dahl's The Witches
54,763873,Under Wraps
55,857702,LEGO Star Wars Terrifying Tales
56,613583,Kids Are Back
57,623135,Sinkhole
58,678580,El mesero
59,768744,My Hero Academia: World Heroes' Mission
60,43074,Ghostbusters
61,800497,Werewolves Within
62,773660,Este amor es de otro planeta
63,335797,Sing
64,293660,Deadpool
65,680319,We Broke Up
66,741074,Once Upon a Snowman
67,763532,Long Story Short
68,569094,Spider-Man: Across the Spider-Verse
69,532067,KonoSuba: God's Blessing on this Wonderful World! Legend of Crimson
70,8871,How the Grinch Stole Christmas
71,784500,Pretty Guardian Sailor Moon Eternal The Movie Part 2
72,410113,The Loud House Movie
73,330457,Frozen II
74,811367,22 vs. Earth
75,785533,The Princess Switch 3: Romancing the Star
76,572154,Rascal Does Not Dream of a Dreaming Girl
77,882812,No me echen ese muerto
78,585,"Monsters, Inc."
79,214756,Ted 2
80,4564,Sex and the City
81,774456,García y García
82,883648,Little Big Mouth
83,800823,The Kids Are Alright: Destination Asturias
84,384018,Fast & Furious Presents: Hobbs & Shaw
85,607259,Fatherhood
86,786705,Confessions of an Invisible Girl
87,653349,Vacation Friends
88,808,Shrek
89,98566,Teenage Mutant Ninja Turtles
90,438695,Sing 2
91,360920,The Grinch
92,826914,Muppets Haunted Mansion
93,18785,The Hangover
94,454626,Sonic the Hedgehog
95,347626,He's All That
96,400155,Hotel Transylvania 3: Summer Vacation
97,383498,Deadpool 2
98,106646,The Wolf of Wall Street
99,193893,Let's Be Cops
100,57214,Project X
101,893204,Single Mother by Choice
102,734265,Love Hard
103,177572,Big Hero 6
104,50546,Just Go with It
105,578908,Bad Trip
106,593910,Cinderella
107,809,Shrek 2
108,75624,Naruto Shippuden the Movie: Blood Prison
109,654028,The Christmas Chronicles: Part Two
110,49519,The Croods
111,301528,Toy Story 4
112,727745,The Kissing Booth 3
113,446893,Trolls World Tour
114,45682,Jackie Chan Kung Fu Master
115,35,The Simpsons Movie
116,662237,Sweet & Sour
117,43347,Love & Other Drugs
118,643586,Willy's Wonderland
119,677638,We Bare Bears: The Movie
120,2062,Ratatouille
121,425,Ice Age
122,10358,Zack and Miri Make a Porno
123,785516,Stuck Together
124,454699,Happy Family
125,72105,Ted
126,18240,The Proposal
127,660982,American Pie Presents: Girls' Rules
128,26123,American Pie Presents: The Book of Love
129,11249,Seed of Chucky
130,615678,Thunder Force
131,615677,We Can Be Heroes
132,38365,Grown Ups
133,9637,Scooby-Doo
134,118,Charlie and the Chocolate Factory
135,776909,Sounds Like Love
136,788905,A un paso de mí
137,785539,Resort to Love
138,512200,Jumanji: The Next Level
139,8355,Ice Age: Dawn of the Dinosaurs
140,45243,The Hangover Part II
141,257344,Pixels
142,4247,Scary Movie
143,662546,Godmothered
144,112679,Italian Spiderman
145,10193,Toy Story 3
146,82690,Wreck-It Ralph
147,260514,Cars 3
148,76492,Hotel Transylvania
149,739542,America: The Motion Picture
150,802504,Just Say Yes
151,481084,The Addams Family
152,676842,Instructions for Su
153,621870,Secret Society of Second Born Royals
154,232672,Blended
155,778814,Daisy Quokka: World's Scariest Animal
156,887645,Just Short of Perfect
157,287947,Shazam!
158,607383,Aquaslash
159,412117,The Secret Life of Pets 2
160,404368,Ralph Breaks the Internet
161,5255,The Polar Express
162,647302,Benny Loves You
163,109418,Grown Ups 2
164,225886,Sex Tape
165,522931,Hitman's Wife's Bodyguard
166,270946,Penguins of Madagascar
167,9023,Spirit: Stallion of the Cimarron
168,14160,Up
169,351694,Monkey King: Hero Is Back
170,726739,Cats & Dogs 3: Paws Unite
171,810,Shrek the Third
172,8920,Garfield
173,223702,Sausage Party
174,41630,No Strings Attached
175,23988,Stan Helsing
176,857910,Lokillo: Nothing's the Same
177,109439,The Hangover Part III
178,530079,Ride Your Wave
179,39513,Paul
180,576393,Fall in Love at First Kiss
181,272818,Monstruosamente Solo
182,364689,Ferdinand
183,643882,The Princess Switch: Switched Again
184,269149,Zootopia
185,150540,Inside Out
186,20048,Confessions of a Shopaholic
187,590223,Love and Monsters
188,105965,Beverly Hills Chihuahua 3: Viva la Fiesta!
189,16996,17 Again
190,554596,No Manches Frida 2
191,159824,Hotel Transylvania 2
192,10201,Yes Man
193,14849,Dead Like Me: Life After Death
194,34544,The A-Team
195,11688,The Emperor's New Groove
196,9502,Kung Fu Panda
197,594328,Phineas and Ferb: The Movie: Candace Against the Universe
198,228326,The Book of Life
199,49013,Cars 2
200,38055,Megamind
201,390043,The Hitman's Bodyguard
202,433422,Fairy Tail: Dragon Cry
203,36728,Naruto Shippuden the Movie: The Will of Fire
204,542178,The French Dispatch
205,77338,The Intouchables
206,37834,Knight and Day
207,496243,Parasite
208,675353,Sonic the Hedgehog 2
209,9948,The Fox and the Hound 2
210,709629,War of Likes
211,953,Madagascar
212,768334,A Classic Horror Story
213,375794,No Manches Frida
214,239563,St. Vincent
215,453071,The Day Naruto Became Hokage
216,950,Ice Age: The Meltdown
217,19840,"I Love You, Beth Cooper"
218,484718,Coming 2 America
219,797394,Secret Magic Control Agency
220,57800,Ice Age: Continental Drift
221,721656,"Happy Halloween, Scooby-Doo!"
222,353486,Jumanji: Welcome to the Jungle
223,14405,Beverly Hills Chihuahua
224,577242,Kaamelott - The First Chapter
225,4258,Scary Movie 5
226,139038,A Haunted House
227,62177,Brave
228,644092,Finding 'Ohana
229,136799,Trolls
230,374205,One Piece Film: GOLD
231,14306,Marley & Me
232,454640,The Angry Birds Movie 2
233,536728,The Space Between
234,638134,Pets United
235,351819,Fifty Shades of Black
236,630520,Bad Christmas
237,93456,Despicable Me 2
238,20222,Sex with Love
239,37786,Sex and the City 2
240,4248,Scary Movie 2
241,553835,Is It Wrong to Try to Pick Up Girls in a Dungeon?: Arrow of the Orion
242,825597,Maggie Simpson in The Force Awakens from Its Nap
243,621876,Flora & Ulysses
244,19908,Zombieland
245,256591,Focus
246,682254,Scooby-Doo! The Sword and the Scoob
247,46195,Rio
248,302699,Central Intelligence
249,41154,Men in Black 3
250,10192,Shrek Forever After
251,400928,Gifted
252,27581,The Other Guys
253,80321,Madagascar 3: Europe's Most Wanted
254,14248,Igor
255,12153,White Chicks
256,140300,Kung Fu Panda 3
257,134374,Pain & Gain
258,82702,How to Train Your Dragon 2
259,13971,Wild Child
260,278154,Ice Age: Collision Course
261,10521,Bride Wars
262,920,Cars
263,346910,The Predator
264,84354,Young and Wild
265,20352,Despicable Me
266,19899,Couples Retreat
267,10202,Bedtime Stories
268,23631,Machete
269,570269,Trinity Seven 2: Heaven's Library & Crimson Lord
270,14560,Paul Blart: Mall Cop
271,187017,22 Jump Street
272,87428,That's My Boy
273,42246,Tom and Jerry: The Fast and the Furry
274,19994,Jennifer's Body
275,338967,Zombieland: Double Tap
276,136795,The Heat
277,385103,Scoob!
278,402900,Ocean's Eight
279,11430,The Lion King 1½
280,648964,"Ninja Escapades: Creation of Akatsuki, The Two Uchiha, The Far Reaches of Hope"
281,874965,The Four of Us
282,11836,The SpongeBob SquarePants Movie
283,381289,A Dog's Purpose
284,624963,A Babysitter's Guide to Monster Hunting
285,508947,Turning Red
286,38322,"Big Mommas: Like Father, Like Son"
287,785457,Afterlife of the Party
288,71552,American Reunion
289,4523,Enchanted
290,8363,Superbad
291,62213,Dark Shadows
292,16985,Legally Blondes
293,664168,Fat Ass Zombies
294,509967,6 Underground
295,76489,The Three Stooges
296,454983,The Kissing Booth
297,15165,Barbie as The Princess & the Pauper
298,646380,Don't Look Up
299,19458,Princess Protection Program
